dataset,time,Calculated,totalCalls,Percent Pruned,dtwCallsPerEpoch,timePerEpoch,n,slength,adjusted Mutual information,adjusted Rand index,Homogeneity,Completeness,Fowlkes Mallows,Rand index
ACSF1,7.255997180938721,10122,20000,49.39,"[2000, 992, 925, 901, 987, 883, 822, 888, 807, 917]","[4.892399072647095, 0.2840571403503418, 0.27091312408447266, 0.23660898208618164, 0.24757909774780273, 0.26077914237976074, 0.24300122261047363, 0.260148286819458, 0.23809003829956055, 0.26945996284484863]",200,1460,0.24546518792161917,0.06335549151456932,0.23581002314939148,0.47995810687081336,0.2886590625313503,0.5383417085427136
Adiac,2.0503010749816895,41630,288970,85.59366024154757,"[28897, 1785, 1242, 1493, 1110, 1302, 1177, 1589, 1224, 1811]","[0.269989013671875, 0.20694303512573242, 0.18997812271118164, 0.18375897407531738, 0.19866490364074707, 0.19174671173095703, 0.18274521827697754, 0.2200298309326172, 0.20023798942565918, 0.18834614753723145]",781,176,0.1286490604562166,0.009739645081877177,0.08605313029741142,0.6530915952910124,0.1660911352638883,0.2652352342493188
ArrowHead,0.19298195838928223,3720,6330,41.232227488151665,"[633, 451, 293, 321, 377, 311, 307, 345, 346, 336]","[0.03633308410644531, 0.03649115562438965, 0.015722036361694336, 0.015108108520507812, 0.014413118362426758, 0.014010190963745117, 0.013668060302734375, 0.015973806381225586, 0.015005826950073242, 0.01452016830444336]",211,251,0.27768942248748396,0.26182741163153156,0.24321522619820324,0.3464513586606507,0.5703961982375966,0.6298352516361995
BME,0.12286615371704102,3061,5400,43.31481481481482,"[540, 361, 333, 232, 257, 279, 278, 283, 247, 251]","[0.015691041946411133, 0.011963367462158203, 0.011614084243774414, 0.011204004287719727, 0.012190818786621094, 0.01362299919128418, 0.011327981948852539, 0.012681961059570312, 0.01054525375366211, 0.010359048843383789]",180,128,0.2618286657551219,0.20710046259928427,0.26781252198825584,0.271125336369768,0.47198575270075843,0.6471756672873992
Beef,0.12232661247253418,868,3000,71.06666666666666,"[300, 71, 64, 62, 62, 62, 65, 62, 60, 60]","[0.01806497573852539, 0.012003898620605469, 0.012230873107910156, 0.011281967163085938, 0.010641336441040039, 0.01107025146484375, 0.011157035827636719, 0.011174201965332031, 0.010865926742553711, 0.011122941970825195]",60,470,0.1909340763195193,0.05703273296335473,0.16488466657731668,0.5518425257591667,0.4257348252660524,0.3768361581920904
BeetleFly,0.08319520950317383,780,800,2.500000000000002,"[80, 78, 78, 78, 78, 78, 78, 79, 79, 74]","[0.011466026306152344, 0.009640932083129883, 0.007236957550048828, 0.007773876190185547, 0.007647037506103516, 0.007302999496459961, 0.00701904296875, 0.006747245788574219, 0.008280038833618164, 0.008627891540527344]",40,512,-0.017275669916255655,-0.023682652457075192,0.0018086520489062616,0.0018119209735073384,0.47569029243499866,0.48846153846153845
BirdChicken,0.07754778861999512,648,800,18.999999999999993,"[80, 76, 57, 76, 75, 53, 56, 57, 58, 60]","[0.008922815322875977, 0.007551908493041992, 0.007110118865966797, 0.008301734924316406, 0.008134126663208008, 0.007209062576293945, 0.0072591304779052734, 0.007009029388427734, 0.006819009780883789, 0.00786590576171875]",40,512,-0.017624006378012043,-0.022068965517241378,0.0019246780098852987,0.0020165647954566972,0.4919692959668713,0.48846153846153845
CBF,0.4458498954772949,22811,27900,18.240143369175634,"[2790, 2015, 2584, 2313, 2711, 2558, 2283, 1954, 1890, 1713]","[0.04909396171569824, 0.041921138763427734, 0.04337477684020996, 0.041768789291381836, 0.040824174880981445, 0.0416719913482666, 0.04095816612243652, 0.04156017303466797, 0.05907011032104492, 0.04374289512634277]",930,128,0.35168961032240287,0.3466192464962566,0.3484816144405105,0.3575940538737205,0.5698559651459153,0.7059921062073915
Car,0.2223200798034668,1954,4800,59.291666666666664,"[480, 384, 135, 165, 129, 130, 129, 144, 129, 129]","[0.032994985580444336, 0.02584385871887207, 0.019212007522583008, 0.020261049270629883, 0.02072286605834961, 0.02073502540588379, 0.01958608627319336, 0.019653797149658203, 0.020258188247680664, 0.020246028900146484]",120,577,1.2813706015261114e-15,0.0,0.0,1.0,0.4936572484949417,0.24369747899159663
Chinatown,0.12692618370056152,4853,7260,33.154269972451786,"[726, 413, 417, 460, 502, 592, 435, 408, 442, 458]","[0.013531923294067383, 0.012789011001586914, 0.012202978134155273, 0.012446165084838867, 0.012188196182250977, 0.01198720932006836, 0.011761188507080078, 0.013190031051635742, 0.013041019439697266, 0.012331008911132812]",363,24,0.06911648513622955,0.129276314370718,0.07461719405122179,0.0680280372789477,0.618379961268321,0.5700348538118503
ChlorineConcentration,1.6441950798034668,119542,129210,7.482393003637489,"[12921, 12789, 12078, 11846, 11397, 11214, 11448, 12101, 11902, 11846]","[0.1805708408355713, 0.19152426719665527, 0.15600275993347168, 0.16919398307800293, 0.15438604354858398, 0.16419696807861328, 0.1457059383392334, 0.14897394180297852, 0.17603611946105957, 0.15461206436157227]",4307,166,-1.2651729779793434e-05,-0.001035793847807228,0.00044584314568389807,0.0004136223372848155,0.3645027619707683,0.5336855900875782
CinCECGtorso,13.29738712310791,50232,56800,11.563380281690138,"[5680, 5425, 4902, 5115, 5111, 5104, 4877, 4974, 4743, 4301]","[1.4284496307373047, 1.4127552509307861, 1.3029601573944092, 1.3408708572387695, 1.3245439529418945, 1.3503808975219727, 1.2831220626831055, 1.3220970630645752, 1.319120168685913, 1.2025110721588135]",1420,1639,0.3331406764415136,0.2560284635440023,0.33352384858670403,0.33583407496695644,0.4433501117942149,0.7196815849288827
Coffee,0.12381815910339355,1080,1120,3.57142857142857,"[112, 110, 111, 109, 96, 111, 106, 112, 101, 112]","[0.010822057723999023, 0.008450984954833984, 0.007095813751220703, 0.007866859436035156, 0.007664203643798828, 0.006736040115356445, 0.006810665130615234, 0.006453037261962891, 0.05269002914428711, 0.00787210464477539]",56,286,0.5616722438105427,0.6687585404119641,0.5667048094916078,0.5682765167931648,0.8319067025409765,0.8344155844155844
Computers,0.7816970348358154,9646,10000,3.5399999999999987,"[1000, 996, 998, 969, 926, 988, 928, 964, 940, 937]","[0.09189677238464355, 0.0718231201171875, 0.06606507301330566, 0.07107186317443848, 0.08485007286071777, 0.08530616760253906, 0.08137297630310059, 0.0803678035736084, 0.07858419418334961, 0.06859111785888672]",500,720,-0.0013496470309898106,-0.0018402781827214392,0.00010510260132556562,0.00010599617352098852,0.5009946822058807,0.4990701402805611
CricketX,1.433786153793335,66553,93600,28.896367521367516,"[9360, 7370, 7405, 7021, 6730, 6426, 5984, 5886, 5202, 5169]","[0.18890881538391113, 0.15951180458068848, 0.13861513137817383, 0.12868189811706543, 0.13204312324523926, 0.14540600776672363, 0.14075112342834473, 0.13657689094543457, 0.1235809326171875, 0.13452601432800293]",780,300,0.2691940478537206,0.13671931139974589,0.2910408359987188,0.2958514589923727,0.21067547742908413,0.8648234093676969
CricketY,1.341904878616333,62976,93600,32.71794871794872,"[9360, 6974, 6443, 7305, 6771, 5848, 5896, 5417, 4643, 4319]","[0.15835213661193848, 0.1376049518585205, 0.15154099464416504, 0.13918685913085938, 0.13517999649047852, 0.1301887035369873, 0.12726712226867676, 0.12017202377319336, 0.11395096778869629, 0.12287592887878418]",780,300,0.28013449675922686,0.1381679973058746,0.29893261901070856,0.31028515462428363,0.21573292170890354,0.8590928540864357
CricketZ,1.341994047164917,64240,93600,31.367521367521366,"[9360, 7492, 7071, 6716, 6320, 6131, 5695, 5511, 5243, 4701]","[0.16440320014953613, 0.14539098739624023, 0.13309812545776367, 0.1240999698638916, 0.12116885185241699, 0.12853503227233887, 0.12203001976013184, 0.12678289413452148, 0.12966227531433105, 0.141679048538208]",780,300,0.2227833761322204,0.10112912865384104,0.24457272609030586,0.2536585778704121,0.18181141089207498,0.8531384747045851
Crop,29.176321744918823,2164666,5760000,62.41899305555556,"[576000, 221798, 193966, 174647, 174241, 172446, 166271, 165582, 159138, 160577]","[3.192824125289917, 2.8932619094848633, 2.881294012069702, 2.8825888633728027, 2.9632692337036133, 2.8464608192443848, 2.917548894882202, 2.8721630573272705, 2.8595211505889893, 2.855030059814453]",24000,46,0.49737538723241603,0.2674395256218318,0.4581836404412511,0.5470842951010286,0.3226480090083511,0.9169793533063878
DiatomSizeReduction,0.32360196113586426,6611,12880,48.6723602484472,"[1288, 612, 606, 596, 557, 596, 598, 616, 524, 618]","[0.04266476631164551, 0.03114604949951172, 0.03011608123779297, 0.03128314018249512, 0.030001163482666016, 0.02884817123413086, 0.029944896697998047, 0.03397703170776367, 0.032662153244018555, 0.0308380126953125]",322,345,0.36727241026339336,0.1519559301050653,0.23991863919480508,0.8592084465643641,0.5764062315091022,0.45693775275246223
DistalPhalanxOutlineAgeGroup,0.21631407737731934,9186,16170,43.191094619666046,"[1617, 846, 837, 829, 849, 838, 849, 849, 839, 833]","[0.022927045822143555, 0.021057844161987305, 0.021310091018676758, 0.021183013916015625, 0.02183818817138672, 0.021164894104003906, 0.021418094635009766, 0.021823883056640625, 0.020555973052978516, 0.021177291870117188]",539,80,0.3800810418212007,0.41379713099147014,0.34110348368875704,0.43289089482236964,0.6963878996881047,0.7069335338055466
DistalPhalanxOutlineCorrect,0.30935001373291016,15490,17520,11.58675799086758,"[1752, 1682, 1421, 1745, 1745, 1456, 1436, 1438, 1408, 1407]","[0.03236985206604004, 0.02867412567138672, 0.026073932647705078, 0.026445865631103516, 0.029145240783691406, 0.0299379825592041, 0.03378701210021973, 0.029532909393310547, 0.04138612747192383, 0.030323028564453125]",876,80,0.002564247901783225,0.0009040289862519637,0.003466068775570359,0.003346479078789368,0.5145493579122633,0.5005792563600783
DistalPhalanxTW,0.3491370677947998,18159,32340,43.849721706864564,"[3234, 1589, 1632, 1628, 1588, 1617, 1659, 1683, 1732, 1797]","[0.03875613212585449, 0.03325676918029785, 0.0339047908782959, 0.03374600410461426, 0.03408408164978027, 0.034667015075683594, 0.03435802459716797, 0.035089969635009766, 0.03466391563415527, 0.0346989631652832]",539,80,0.6293040054432608,0.7347838165183689,0.5687047092979978,0.7147554090065872,0.823969345081316,0.8829444586215696
DodgerLoopDay,0.22766804695129395,6320,11060,42.85714285714286,"[1106, 563, 620, 623, 624, 586, 534, 585, 554, 525]","[0.028012990951538086, 0.021206140518188477, 0.022095918655395508, 0.02198624610900879, 0.02280402183532715, 0.02132391929626465, 0.02169203758239746, 0.02187800407409668, 0.021270036697387695, 0.02272200584411621]",158,288,0.2764002961734855,0.15289375330481383,0.2364273486553389,0.4142512413759049,0.35163212415944667,0.6755623639442071
DodgerLoopGame,0.12484598159790039,3040,3160,3.797468354430378,"[316, 309, 298, 314, 307, 298, 296, 315, 315, 272]","[0.014499187469482422, 0.012006282806396484, 0.012978076934814453, 0.0135040283203125, 0.012775182723999023, 0.012572050094604492, 0.011443853378295898, 0.011770009994506836, 0.011098861694335938, 0.010789871215820312]",158,288,-0.0037989180958990757,-0.003006290468201784,0.001074509661695769,0.0012222992507468992,0.535500596825875,0.49810529710553897
DodgerLoopWeekend,0.13137006759643555,2844,3160,9.999999999999998,"[316, 315, 256, 302, 230, 312, 276, 298, 299, 240]","[0.01594400405883789, 0.011430978775024414, 0.011060953140258789, 0.011456966400146484, 0.011158943176269531, 0.015523910522460938, 0.012826204299926758, 0.016178131103515625, 0.012713193893432617, 0.011735916137695312]",158,288,0.8141458846250167,0.8981068982911534,0.8224784098554414,0.8079066097785542,0.9571827971637512,0.9503345964685963
ECG5000,2.189610004425049,145405,250000,41.837999999999994,"[25000, 16056, 15885, 15142, 13669, 15661, 11572, 12273, 10142, 10005]","[0.24553990364074707, 0.2081449031829834, 0.2198629379272461, 0.20376968383789062, 0.22861170768737793, 0.22007417678833008, 0.20814990997314453, 0.22002267837524414, 0.2117171287536621, 0.2202291488647461]",5000,140,0.5438799531328935,0.511360473052442,0.668455144325106,0.45940673824058137,0.7062143648548124,0.7622578915783157
ECGFiveDays,0.3267951011657715,13555,17680,23.3314479638009,"[1768, 1425, 1296, 1247, 1459, 1458, 1414, 1228, 1136, 1124]","[0.03402304649353027, 0.03101801872253418, 0.03107309341430664, 0.0451810359954834, 0.03271293640136719, 0.028708934783935547, 0.031215906143188477, 0.031219005584716797, 0.03002476692199707, 0.029964923858642578]",884,136,0.0,0.0,0.0,1.0,0.7067062675428678,0.49943374858437145
EOGHorizontalSignal,6.010164022445679,23157,86880,73.34599447513813,"[8688, 2019, 1764, 1598, 1706, 1457, 1677, 1478, 1426, 1344]","[1.1568050384521484, 0.6251890659332275, 0.5475530624389648, 0.537752628326416, 0.5369668006896973, 0.5141918659210205, 0.5387649536132812, 0.503791093826294, 0.49434900283813477, 0.5008280277252197]",724,1250,0.3738632458940329,0.19792572208660283,0.3844586550699486,0.40967075920706464,0.27403441078484664,0.8635672420775926
EOGVerticalSignal,6.311410903930664,25669,86880,70.45465009208102,"[8688, 2244, 2180, 2059, 2112, 2060, 1728, 1716, 1510, 1372]","[1.2120261192321777, 0.6261959075927734, 0.6235456466674805, 0.5751938819885254, 0.5642087459564209, 0.561478853225708, 0.5340108871459961, 0.5277559757232666, 0.5286679267883301, 0.50506591796875]",724,1250,0.23064027904199502,0.11354846079365677,0.25031114865742266,0.2699539990552749,0.20012259218909328,0.8439207415388612
Earthquakes,0.4841501712799072,9216,9220,0.04338394793925726,"[922, 922, 920, 920, 922, 922, 922, 922, 922, 922]","[0.05627107620239258, 0.044779062271118164, 0.04653787612915039, 0.045974016189575195, 0.05096292495727539, 0.049356698989868164, 0.04513216018676758, 0.049726009368896484, 0.04509997367858887, 0.0487060546875]",461,512,-0.0005424586978438635,-0.023108783746664786,0.001838057983685508,0.003934465687289092,0.7673388386298403,0.6269169103084032
ElectricDevices,10.280941247940063,1059486,1164590,9.024978747885527,"[116459, 110753, 106718, 107781, 107512, 110423, 110313, 99214, 98154, 92159]","[1.0596437454223633, 1.016996145248413, 1.0319581031799316, 1.0288941860198975, 1.0098669528961182, 1.034820795059204, 1.0292408466339111, 1.0307040214538574, 0.9977741241455078, 1.0335659980773926]",16637,96,0.2001510204429705,0.2017278488659581,0.20014890212617828,0.2011129725284884,0.3471090326949765,0.7621911725159797
EthanolLevel,8.526005029678345,21558,40160,46.319721115537845,"[4016, 1890, 2007, 1923, 1958, 1921, 1827, 2008, 2003, 2005]","[1.1733388900756836, 0.7873971462249756, 0.8273611068725586, 0.7996129989624023, 0.8097479343414307, 0.8555028438568115, 0.8030509948730469, 0.8231282234191895, 0.8096041679382324, 0.8260860443115234]",1004,1751,0.002229093967872287,0.002167439013245122,0.0027309026076368327,0.005655656092728092,0.36262462696675485,0.48952544756169736
FaceAll,2.6131949424743652,292994,315000,6.986031746031751,"[31500, 30044, 29681, 29498, 29109, 29620, 28658, 29232, 28523, 27129]","[0.2924199104309082, 0.2710001468658447, 0.2548799514770508, 0.24058318138122559, 0.2536439895629883, 0.288362979888916, 0.2792971134185791, 0.25147318840026855, 0.23381876945495605, 0.24356293678283691]",2250,131,0.482703016134226,0.28022831938276105,0.4595552599173819,0.5278802111126442,0.3748783762357077,0.8471783014673188
FaceFour,0.1758439540863037,4205,4480,6.13839285714286,"[448, 432, 420, 432, 425, 421, 401, 396, 418, 412]","[0.02216815948486328, 0.02233099937438965, 0.016597270965576172, 0.017067909240722656, 0.015839815139770508, 0.01566481590270996, 0.015583038330078125, 0.015748023986816406, 0.01602792739868164, 0.01658177375793457]",112,350,0.33418728189321184,0.1905775886830634,0.28636085274231454,0.49245995770550116,0.509440360033375,0.5701415701415702
FacesUCR,2.531540870666504,286422,315000,9.072380952380954,"[31500, 29528, 29040, 28472, 28510, 28505, 28010, 28295, 27738, 26824]","[0.2823469638824463, 0.24522018432617188, 0.24263596534729004, 0.2536592483520508, 0.24610018730163574, 0.24308395385742188, 0.2668118476867676, 0.25868988037109375, 0.24767804145812988, 0.24134182929992676]",2250,131,0.48734679774582246,0.2708374936055856,0.46384734393244614,0.5310230639119553,0.3617728826157037,0.8501228200187738
FiftyWords,4.440048933029175,189750,452500,58.066298342541444,"[45250, 23984, 19663, 17558, 16819, 15126, 14771, 13583, 12208, 10788]","[0.5858376026153564, 0.4781360626220703, 0.44502687454223633, 0.44917798042297363, 0.41939210891723633, 0.3976469039916992, 0.3942131996154785, 0.4125828742980957, 0.3860330581665039, 0.3946969509124756]",905,270,0.5388638594932303,0.38968209479777804,0.6197544463374322,0.6544903408012489,0.41582083718683455,0.9509851855473525
Fish,0.6520068645477295,11752,24500,52.03265306122449,"[2450, 988, 1020, 1045, 1053, 1050, 1050, 1027, 1035, 1034]","[0.09762716293334961, 0.06418991088867188, 0.06401896476745605, 0.06139087677001953, 0.059333086013793945, 0.06324505805969238, 0.059622764587402344, 0.05347895622253418, 0.06548404693603516, 0.05961894989013672]",350,463,0.20706386824301976,0.12621369772178573,0.15901645653521168,0.3415427741183042,0.3629301828637799,0.603847728203029
FreezerRegularTrain,1.1560842990875244,35494,60000,40.843333333333334,"[6000, 3152, 3249, 3138, 3404, 3334, 3283, 3312, 3324, 3298]","[0.15577220916748047, 0.12107205390930176, 0.11175084114074707, 0.10844802856445312, 0.11668610572814941, 0.10157489776611328, 0.11526298522949219, 0.11026263236999512, 0.10105681419372559, 0.11133384704589844]",3000,301,0.21517599121200442,0.2813684284083562,0.21505982005833527,0.21567117643675285,0.6412700231011781,0.6406837834833834
FreezerSmallTrain,1.1405980587005615,34483,57560,40.09207783182765,"[5756, 3108, 3212, 3151, 3230, 3187, 3219, 3191, 3243, 3186]","[0.16691088676452637, 0.12015008926391602, 0.10580682754516602, 0.10341000556945801, 0.11076521873474121, 0.10730409622192383, 0.10521125793457031, 0.1130983829498291, 0.10208511352539062, 0.10323619842529297]",2878,301,0.14886036289659352,0.15228189521852858,0.14006668186645255,0.1593504415642605,0.6096834501565337,0.5761169738282799
Fungi,0.47367382049560547,9882,36720,73.08823529411765,"[3672, 1073, 800, 844, 590, 640, 536, 649, 543, 535]","[0.0718989372253418, 0.058118343353271484, 0.039563894271850586, 0.04639887809753418, 0.0412747859954834, 0.0444941520690918, 0.04176592826843262, 0.04234194755554199, 0.04104495048522949, 0.04122805595397949]",204,201,0.7570888689566285,0.5110400265659762,0.7338583667226227,0.8889490134096668,0.5697474606120226,0.9272191635274799
GestureMidAirD1,1.1284949779510498,20243,87880,76.96517979062358,"[8788, 1403, 1496, 1433, 1247, 1197, 1255, 1262, 1118, 1044]","[0.16475391387939453, 0.11571598052978516, 0.09679889678955078, 0.10181403160095215, 0.10736799240112305, 0.1256728172302246, 0.10019993782043457, 0.10310697555541992, 0.0941469669342041, 0.09558486938476562]",338,360,0.48858345305938955,0.2844030703082496,0.6121197077373984,0.6494876186632111,0.3194618652991842,0.9406528189910979
GestureMidAirD2,1.1086499691009521,14958,87880,82.97906235776058,"[8788, 891, 653, 703, 716, 637, 650, 668, 637, 615]","[0.1720271110534668, 0.10951590538024902, 0.10538291931152344, 0.09412288665771484, 0.12321305274963379, 0.08782100677490234, 0.10224604606628418, 0.10210275650024414, 0.09364819526672363, 0.09493613243103027]",338,360,0.5214583100547556,0.23947913051136335,0.4842827308425355,0.7470758806038879,0.34730401289917984,0.8776183870911102
GestureMidAirD3,1.1412160396575928,15514,87880,82.34638142922167,"[8788, 1146, 845, 782, 676, 642, 751, 685, 629, 570]","[0.1881580352783203, 0.13760900497436523, 0.10332298278808594, 0.11620187759399414, 0.09694314002990723, 0.09248208999633789, 0.0965721607208252, 0.09483623504638672, 0.08938813209533691, 0.10241270065307617]",338,360,0.22187020429603732,0.0914202042179237,0.41456034665407837,0.4497565594229162,0.1347564134506364,0.919758397274946
GunPoint,0.1220710277557373,2589,4000,35.275,"[400, 246, 259, 252, 233, 258, 251, 240, 226, 224]","[0.017994165420532227, 0.014044046401977539, 0.010421991348266602, 0.01256108283996582, 0.01131892204284668, 0.010776042938232422, 0.010628938674926758, 0.011656999588012695, 0.011614799499511719, 0.009516000747680664]",200,150,-0.003647286119685477,-0.005050505050505051,0.0,0.0,0.494949494949495,0.49748743718592964
GunPointAgeSpan,0.21455621719360352,5063,9020,43.86917960088692,"[902, 482, 479, 478, 459, 451, 454, 451, 456, 451]","[0.024178028106689453, 0.03738808631896973, 0.022802114486694336, 0.02013421058654785, 0.02003931999206543, 0.01850295066833496, 0.0180511474609375, 0.017386198043823242, 0.016829967498779297, 0.017359018325805664]",451,150,-0.001748269760285949,-0.00172999041499589,2.1067848465594443e-06,2.510831771356664e-06,0.5493184243635072,0.4989110618378911
GunPointMaleVersusFemale,0.18712711334228516,5053,9020,43.98004434589801,"[902, 485, 483, 461, 451, 451, 451, 458, 460, 451]","[0.02126598358154297, 0.01810598373413086, 0.01825094223022461, 0.018453121185302734, 0.018002033233642578, 0.018156051635742188, 0.018960952758789062, 0.017807960510253906, 0.018525123596191406, 0.017965078353881836]",451,150,0.3403291342717273,0.23403436196676722,0.31426373385156986,0.3738645786053029,0.6570072152076768,0.6170485341217049
GunPointOldVersusYoung,0.190079927444458,5048,9020,44.035476718403544,"[902, 451, 451, 451, 466, 452, 453, 451, 479, 492]","[0.022181034088134766, 0.01770186424255371, 0.018291950225830078, 0.018695831298828125, 0.017294883728027344, 0.019093990325927734, 0.018229007720947266, 0.020028114318847656, 0.018370866775512695, 0.018651962280273438]",451,150,0.4548938978045269,0.4036392590958884,0.43931779642857344,0.473574478361735,0.7166038430577951,0.7018181818181818
Ham,0.21413183212280273,4125,4280,3.6214953271028083,"[428, 420, 423, 406, 407, 424, 394, 399, 406, 418]","[0.024876832962036133, 0.021300792694091797, 0.021082162857055664, 0.020424842834472656, 0.022422075271606445, 0.020300865173339844, 0.020654916763305664, 0.020884990692138672, 0.01968693733215332, 0.020743846893310547]",214,431,0.058126771768772546,0.02826688859901468,0.05221248108407071,0.0761502607761007,0.6028372115748176,0.5134921679610372
HandOutlines,13.48900580406189,16489,27400,39.821167883211686,"[2740, 1602, 1501, 1517, 1512, 1524, 1526, 1515, 1539, 1513]","[1.903320074081421, 1.3321149349212646, 1.2531659603118896, 1.287532091140747, 1.2722609043121338, 1.314795732498169, 1.3011960983276367, 1.2699980735778809, 1.2780861854553223, 1.2705299854278564]",1370,2709,0.0008063505817384512,0.0011204259411257784,0.001136619833914551,0.12389066990344157,0.7333912345687518,0.5385368402531551
Haptics,2.3407938480377197,17947,23150,22.475161987041037,"[2315, 1980, 1749, 1881, 1768, 1509, 1584, 1606, 1722, 1833]","[0.2912459373474121, 0.22416210174560547, 0.22936701774597168, 0.2539839744567871, 0.22859978675842285, 0.21476078033447266, 0.21448206901550293, 0.2288808822631836, 0.22765684127807617, 0.21991491317749023]",463,1092,0.08542887808548277,0.07150567812882316,0.09136133797711068,0.10112128547210787,0.2838595705269245,0.6693968378633606
Herring,0.1328868865966797,1408,2560,44.99999999999999,"[256, 128, 128, 128, 128, 128, 128, 128, 128, 128]","[0.01894664764404297, 0.012994050979614258, 0.01250910758972168, 0.011626005172729492, 0.012893915176391602, 0.012629985809326172, 0.012073993682861328, 0.012195825576782227, 0.012808084487915039, 0.012725114822387695]",128,512,4.293122560421226e-15,0.0,8.25600492388633e-16,1.0,0.7189265017793056,0.51685531496063
HouseTwenty,1.3104338645935059,3158,3180,0.691823899371069,"[318, 316, 313, 316, 316, 316, 315, 318, 318, 312]","[0.1614530086517334, 0.14849209785461426, 0.13473200798034668, 0.12302303314208984, 0.12168502807617188, 0.11995816230773926, 0.12601208686828613, 0.12369775772094727, 0.12595605850219727, 0.1220400333404541]",159,3000,-0.003584123532588053,-0.0061209270658027426,0.0010764810322692658,0.0010847920878105841,0.5036208500606076,0.4970145689037497
InlineSkate,8.795687913894653,22413,45500,50.74065934065934,"[4550, 2419, 2244, 2261, 2256, 1936, 1890, 1736, 1611, 1510]","[1.396756887435913, 0.9200518131256104, 0.8896539211273193, 0.8670051097869873, 0.8840029239654541, 0.7916958332061768, 0.7929267883300781, 0.7690749168395996, 0.7453548908233643, 0.6999092102050781]",650,1882,0.05761034121323797,0.029032010747188995,0.06890574459689408,0.07619459096296471,0.19940671403505772,0.7149081427047529
InsectEPGRegularTrain,0.4669985771179199,3732,9330,60.0,"[933, 311, 311, 311, 311, 311, 311, 311, 311, 311]","[0.06284093856811523, 0.0375518798828125, 0.036602020263671875, 0.044859886169433594, 0.08402585983276367, 0.04874587059020996, 0.03825879096984863, 0.03882789611816406, 0.03481698036193848, 0.03827691078186035]",311,601,1.0,1.0,1.0,1.0,1.0,1.0
InsectEPGSmallTrain,0.35126614570617676,3232,7980,59.49874686716792,"[798, 275, 268, 269, 273, 269, 271, 272, 270, 267]","[0.05416297912597656, 0.033006906509399414, 0.031235933303833008, 0.032958030700683594, 0.03435397148132324, 0.032054901123046875, 0.03403019905090332, 0.032839298248291016, 0.032842159271240234, 0.031620025634765625]",266,601,0.6795376528027268,0.5531134227892144,0.6375662043386245,0.7333510798030057,0.747137930420815,0.778862249964534
InsectWingbeatSound,2.6353328227996826,138773,242000,42.655785123966936,"[24200, 14420, 13234, 14851, 15327, 13452, 12933, 10548, 9654, 10154]","[0.3212871551513672, 0.2587289810180664, 0.2470860481262207, 0.24992680549621582, 0.26922082901000977, 0.2742578983306885, 0.28226709365844727, 0.24768424034118652, 0.23717403411865234, 0.24319005012512207]",2200,256,0.4709188456617524,0.28016966736668064,0.4617321081506092,0.4916401594763075,0.3549559625518343,0.8679002852536277
ItalyPowerDemand,0.3282179832458496,13382,21920,38.9507299270073,"[2192, 1351, 1257, 1214, 1201, 1288, 1278, 1205, 1176, 1220]","[0.04737591743469238, 0.0440518856048584, 0.031154870986938477, 0.02919602394104004, 0.028631210327148438, 0.0301358699798584, 0.029571056365966797, 0.029178857803344727, 0.029047250747680664, 0.028184890747070312]",1096,24,0.013322880729067151,0.007518536488101691,0.011459440779276802,0.01840927393621019,0.610134962358297,0.5035446455354464
LargeKitchenAppliances,1.4006922245025635,21297,22500,5.346666666666666,"[2250, 2103, 2186, 2207, 2096, 2102, 2168, 2076, 2118, 1991]","[0.19374585151672363, 0.13637804985046387, 0.13314008712768555, 0.12845301628112793, 0.14189791679382324, 0.12324404716491699, 0.13918590545654297, 0.13893389701843262, 0.13330721855163574, 0.12976503372192383]",750,720,0.038407388360162296,0.040853060038949174,0.04000377482225315,0.04162243972063342,0.37385714677813914,0.5646212728081887
Lightning7,0.27531909942626953,5926,10010,40.7992007992008,"[1001, 611, 621, 652, 623, 571, 532, 476, 430, 409]","[0.03334307670593262, 0.023485898971557617, 0.0231320858001709, 0.024420738220214844, 0.023299217224121094, 0.022416114807128906, 0.023313045501708984, 0.0541229248046875, 0.0228879451751709, 0.022077083587646484]",143,319,0.45070285852501074,0.3228832296085612,0.46258730380433416,0.5143295660063278,0.4413815380081026,0.8053777208706786
Mallat,14.389842748641968,105952,192000,44.81666666666667,"[19200, 10667, 9906, 9905, 9393, 10708, 9686, 9857, 8578, 8052]","[1.938276767730713, 1.4309980869293213, 1.5626778602600098, 1.3753068447113037, 1.3451242446899414, 1.40445876121521, 1.3569769859313965, 1.394364833831787, 1.3003251552581787, 1.2622981071472168]",2400,1024,0.7828433974540341,0.5541958997032703,0.6917742130780331,0.9038330030467375,0.6590006249679907,0.8655332082812283
Meat,0.15867400169372559,1910,3600,46.94444444444444,"[360, 168, 175, 167, 163, 172, 174, 170, 184, 177]","[0.024743080139160156, 0.01739215850830078, 0.01479339599609375, 0.014593124389648438, 0.014819145202636719, 0.015082836151123047, 0.013514041900634766, 0.013802289962768555, 0.013653039932250977, 0.01429891586303711]",120,448,0.7310447895575787,0.5672727272727273,0.5793801642856945,0.9999999999999988,0.7706546758708627,0.7759103641456583
MedicalImages,0.9762368202209473,54638,114100,52.11393514460999,"[11410, 5548, 6179, 5234, 5223, 4711, 4155, 4301, 4090, 3787]","[0.12790894508361816, 0.09408307075500488, 0.10052013397216797, 0.09271502494812012, 0.08325982093811035, 0.08793401718139648, 0.09973692893981934, 0.10883307456970215, 0.08941411972045898, 0.08926796913146973]",1141,99,0.24364405157954167,0.06779106859092351,0.282085566601562,0.24027636570817948,0.2846452361928583,0.6537740055660624
MelbournePedestrian,2.141327142715454,85795,363300,76.38453069088908,"[31887, 7537, 5398, 5096, 6008, 5817, 6261, 6526, 5807, 5458]","[0.22020912170410156, 0.21397614479064941, 0.20392298698425293, 0.23022723197937012, 0.20358490943908691, 0.21293187141418457, 0.20904922485351562, 0.2205822467803955, 0.21163678169250488, 0.21177291870117188]",3633,24,0.6481172171122345,0.4983700382479111,0.6431400477226352,0.6567004593613268,0.5513071223577984,0.9060237410133007
MiddlePhalanxOutlineAgeGroup,0.23217177391052246,9825,16620,40.884476534296034,"[1662, 1107, 1072, 878, 845, 840, 873, 872, 840, 836]","[0.025864839553833008, 0.022754907608032227, 0.023394107818603516, 0.0220029354095459, 0.022537946701049805, 0.02263188362121582, 0.023205041885375977, 0.0226743221282959, 0.023160219192504883, 0.022232770919799805]",554,80,0.45906661792756054,0.4070681523347824,0.3816269856990291,0.5796079338159569,0.6767990262559588,0.7004850471011418
MiddlePhalanxOutlineCorrect,0.26958394050598145,9801,17820,44.99999999999999,"[1782, 891, 891, 891, 891, 891, 891, 891, 891, 891]","[0.029392004013061523, 0.025835037231445312, 0.028440237045288086, 0.02569580078125, 0.026219844818115234, 0.026287078857421875, 0.0263519287109375, 0.026558876037597656, 0.026803016662597656, 0.026129961013793945]",891,80,1.6654236864551215e-15,0.0,0.0,1.0,0.7274125327483744,0.5291289927994047
MiddlePhalanxTW,0.3847339153289795,8295,33180,75.0,"[3318, 553, 553, 553, 553, 553, 553, 553, 553, 553]","[0.039608001708984375, 0.03489398956298828, 0.033827781677246094, 0.034390926361083984, 0.0333409309387207, 0.03990507125854492, 0.05701804161071777, 0.03869128227233887, 0.036898136138916016, 0.03412890434265137]",553,80,-1.3187176226103935e-16,0.0,0.0,1.0,0.48075361688697354,0.23112404014990695
MixedShapes,12.927186012268066,99410,146250,32.027350427350434,"[14625, 10681, 10560, 10744, 10551, 9163, 9026, 8652, 7548, 7860]","[1.5469188690185547, 1.3473231792449951, 1.4187631607055664, 1.297884225845337, 1.2714402675628662, 1.3760948181152344, 1.2427380084991455, 1.2062830924987793, 1.1144261360168457, 1.0950891971588135]",2925,1024,0.4947839525946412,0.47121408586521535,0.4954484557434401,0.49586443667349706,0.5815023980658359,0.8254293965648275
MixedShapesSmallTrain,11.20173192024231,86034,126250,31.85425742574257,"[12625, 8889, 10665, 10627, 8579, 7828, 7806, 6448, 6598, 5969]","[1.3768339157104492, 1.1261482238769531, 1.2658002376556396, 1.2261769771575928, 1.1185188293457031, 1.0625040531158447, 1.04886794090271, 0.9954147338867188, 1.0224528312683105, 0.9487719535827637]",2525,1024,0.45791667889464105,0.43305862257867683,0.4482694788926084,0.47032576748573734,0.5619755209891517,0.8012860303462993
MoteStrain,0.409318208694458,20750,25440,18.43553459119497,"[2544, 1967, 1870, 1939, 2491, 2026, 2238, 1849, 1877, 1949]","[0.062278032302856445, 0.039688825607299805, 0.03941679000854492, 0.03888201713562012, 0.03839993476867676, 0.03846001625061035, 0.03798198699951172, 0.03726696968078613, 0.03736519813537598, 0.03784608840942383]",1272,84,0.3587804212836801,0.45023176864981646,0.3555707073246697,0.3628015872889776,0.7303071706236799,0.7251619336035113
NonInvasiveFetalECGThorax1,42.87638807296753,382491,1581300,75.8116107000569,"[158130, 29855, 29141, 29243, 23560, 22014, 23273, 22420, 22705, 22150]","[8.057069063186646, 3.9618961811065674, 3.915365219116211, 4.0357911586761475, 3.8232760429382324, 3.759183168411255, 3.812110185623169, 3.761291980743408, 3.7845230102539062, 3.702549934387207]",3765,750,0.4717931793444789,0.12930366835633517,0.3503600843379051,0.7530909604343596,0.263010865660269,0.8239661968491602
NonInvasiveFetalECGThorax2,48.90899991989136,359981,1581300,77.23512300006323,"[158130, 24244, 25351, 23085, 22076, 22322, 21065, 21566, 21313, 20829]","[8.150706052780151, 3.7854840755462646, 3.764674186706543, 3.71163010597229, 8.51710295677185, 4.751774787902832, 3.8136110305786133, 4.362066984176636, 3.853165864944458, 3.9353551864624023]",3765,750,0.40502266950415844,0.09137676390049883,0.2800118329256419,0.7700803453589883,0.2415168081845424,0.7426952480548934
OSULeaf,0.8697278499603271,22527,26520,15.056561085972852,"[2652, 2286, 2426, 2468, 2256, 2236, 2191, 2159, 1938, 1915]","[0.10134124755859375, 0.07986593246459961, 0.09200191497802734, 0.0808572769165039, 0.09324479103088379, 0.10352897644042969, 0.072296142578125, 0.08961606025695801, 0.07499885559082031, 0.07835006713867188]",442,427,0.17791525506538666,0.1439355437319464,0.19127533915108164,0.19170047961002626,0.2956245527689364,0.7503719436492545
OliveOil,0.12656307220458984,780,2400,67.5,"[240, 60, 60, 60, 60, 60, 60, 60, 60, 60]","[0.022277116775512695, 0.011333942413330078, 0.010422945022583008, 0.011802911758422852, 0.011033058166503906, 0.011471271514892578, 0.01105809211730957, 0.011609077453613281, 0.01197195053100586, 0.010989904403686523]",60,570,7.577259347900931e-16,0.0,0.0,1.0,0.5362561155538709,0.28757062146892653
PhalangesOutlinesCorrect,0.963778018951416,47289,53160,11.04401805869074,"[5316, 5296, 4910, 4452, 4447, 4401, 4689, 4875, 4405, 4498]","[0.1068871021270752, 0.11276006698608398, 0.1107933521270752, 0.10253739356994629, 0.11259198188781738, 0.08424091339111328, 0.0822610855102539, 0.0865468978881836, 0.08375883102416992, 0.07889986038208008]",2658,80,0.007856286934488177,0.010881207303377658,0.008375114097915725,0.007905557366821714,0.5240837564138261,0.5054419901941377
Phoneme,76.13703727722168,812024,822900,1.3216672742739077,"[82290, 80843, 80837, 80833, 80932, 81194, 81314, 81353, 81453, 80975]","[8.109584093093872, 7.600902795791626, 7.6975929737091064, 7.487242698669434, 7.384688854217529, 7.456504821777344, 7.5398781299591064, 7.547562122344971, 7.477572679519653, 7.437583923339844]",2110,1024,0.10976912158453316,0.014893094941922178,0.15874560269823446,0.22696132632991195,0.11296913870229862,0.7818754648886851
PigAirwayPressure,24.771496295928955,30343,162240,81.29746055226825,"[16224, 1833, 1732, 1603, 1575, 1527, 1507, 1471, 1449, 1422]","[5.281842947006226, 1.955603837966919, 1.8825829029083252, 1.873568058013916, 1.8614728450775146, 1.8219859600067139, 1.8755569458007812, 1.8459577560424805, 1.858773946762085, 1.8811028003692627]",312,2000,0.10740853943642627,0.04169147465368385,0.403595309950518,0.5333746020011277,0.07657835828308969,0.9367425179322285
PigArtPressure,22.10408091545105,21047,162240,87.02724358974359,"[16224, 623, 537, 621, 542, 612, 590, 460, 414, 424]","[5.2696309089660645, 1.5970299243927002, 1.5578172206878662, 1.6633527278900146, 1.5626020431518555, 1.5860192775726318, 1.560945987701416, 1.5541949272155762, 1.5573909282684326, 1.5625379085540771]",312,2000,0.1771921444707283,0.01799095915553258,0.12246660508397138,0.7714487618318447,0.14818363649056548,0.4490889603429796
PigCVP,34.752408027648926,72130,162240,55.54117357001973,"[16224, 8000, 7386, 7075, 6380, 6230, 5842, 5549, 5015, 4429]","[5.295170068740845, 3.468508720397949, 3.177661895751953, 3.2280378341674805, 3.0897789001464844, 2.946195125579834, 2.90964412689209, 2.8317129611968994, 2.6375129222869873, 2.51652193069458]",312,2000,0.21334807838962438,0.10015997354627391,0.5089062695714405,0.6231731137489762,0.13764996037231728,0.9466155495094402
Plane,0.2583630084991455,5445,14700,62.95918367346939,"[1470, 511, 489, 522, 389, 433, 446, 366, 434, 385]","[0.07469296455383301, 0.02218008041381836, 0.019092082977294922, 0.020323991775512695, 0.02055501937866211, 0.020003080368041992, 0.019372940063476562, 0.01915121078491211, 0.020999908447265625, 0.019917726516723633]",210,144,0.6575996555360889,0.3932494187444881,0.5160785422397891,0.9470958234186845,0.5835691369519331,0.7491911597174755
PowerCons,0.15626215934753418,6042,7200,16.08333333333334,"[720, 716, 705, 714, 480, 515, 674, 496, 506, 516]","[0.017728090286254883, 0.016153812408447266, 0.01685500144958496, 0.015305280685424805, 0.014390945434570312, 0.015331029891967773, 0.015087127685546875, 0.015176057815551758, 0.014262199401855469, 0.014547109603881836]",360,144,0.5917836855650094,0.6038893869388318,0.5819765115539195,0.6036607513802921,0.8064147846911679,0.8019189105540081
ProximalPhalanxOutlineAgeGroup,0.23430490493774414,7260,18150,60.0,"[1815, 605, 605, 605, 605, 605, 605, 605, 605, 605]","[0.0276949405670166, 0.023102998733520508, 0.023288965225219727, 0.022944927215576172, 0.023446083068847656, 0.023224830627441406, 0.020409107208251953, 0.022916793823242188, 0.023054122924804688, 0.022359848022460938]",605,80,-2.210879189310229e-16,0.0,4.429079170624096e-16,1.0,0.6241758837909313,0.3895955339061901
ProximalPhalanxOutlineCorrect,0.2732048034667969,9801,17820,44.99999999999999,"[1782, 891, 891, 891, 891, 891, 891, 891, 891, 891]","[0.03213381767272949, 0.026347875595092773, 0.025651931762695312, 0.02821516990661621, 0.025594234466552734, 0.02532196044921875, 0.026388168334960938, 0.027618885040283203, 0.027640104293823242, 0.0267031192779541]",891,80,1.9218383855229094e-15,0.0,0.0,1.0,0.7507336773035816,0.5636010542377583
ProximalPhalanxTW,0.3991870880126953,9075,36300,75.0,"[3630, 605, 605, 605, 605, 605, 605, 605, 605, 605]","[0.04309725761413574, 0.06445693969726562, 0.03489494323730469, 0.03427267074584961, 0.037690162658691406, 0.03615999221801758, 0.03810286521911621, 0.03537178039550781, 0.036691904067993164, 0.036483049392700195]",605,80,-1.4014667919939456e-16,0.0,0.0,1.0,0.537733838968583,0.28915768157188987
RefrigerationDevices,1.3719401359558105,22477,22500,0.10222222222222577,"[2250, 2245, 2244, 2248, 2249, 2245, 2246, 2250, 2250, 2250]","[0.15935993194580078, 0.13960003852844238, 0.14386320114135742, 0.1424560546875, 0.13150691986083984, 0.12400603294372559, 0.12760424613952637, 0.13404417037963867, 0.13486623764038086, 0.13182520866394043]",750,720,0.021851997463937473,0.01048615986701456,0.01882497088095447,0.03753142969582644,0.48805571169696327,0.43941255006675567
Rock,1.3151969909667969,1124,2800,59.857142857142854,"[280, 142, 102, 83, 87, 88, 91, 87, 83, 81]","[0.22736811637878418, 0.14460206031799316, 0.12994980812072754, 0.1195681095123291, 0.11263728141784668, 0.1070549488067627, 0.11391997337341309, 0.11212801933288574, 0.10776090621948242, 0.11098694801330566]",70,2844,0.27054777649651685,0.18937304159190124,0.3117474150671068,0.3060549451010547,0.3994915311729181,0.6886128364389233
ScreenType,1.3482410907745361,21272,22500,5.457777777777773,"[2250, 2009, 2181, 2215, 2156, 2206, 2214, 2065, 2001, 1975]","[0.17452597618103027, 0.14254188537597656, 0.12939190864562988, 0.12344813346862793, 0.1165919303894043, 0.14389586448669434, 0.14241909980773926, 0.1325058937072754, 0.12376809120178223, 0.11532974243164062]",750,720,0.01984226044078636,0.02329425215473648,0.022076305504629894,0.022424257943788634,0.35358902463377895,0.5627093902981753
SemgHandGenderCh2,4.975888967514038,16292,18000,9.48888888888889,"[1800, 1798, 1797, 1787, 1796, 1482, 1798, 1347, 1291, 1396]","[0.5280618667602539, 0.514441967010498, 0.5120439529418945, 0.5115890502929688, 0.5124919414520264, 0.47011470794677734, 0.5067477226257324, 0.47475695610046387, 0.47118687629699707, 0.47078824043273926]",900,1500,-0.0009547358471772824,-0.0013320716548011352,9.027497979856109e-06,1.2579306076474327e-05,0.6001492004175343,0.5069212705475219
SemgHandMovementCh2,11.08585000038147,47370,54000,12.277777777777777,"[5400, 5372, 5281, 4925, 4852, 4605, 4759, 4483, 4053, 3640]","[1.215806007385254, 1.1962897777557373, 1.192626953125, 1.1802890300750732, 1.1054332256317139, 1.0789849758148193, 1.0974488258361816, 1.0588150024414062, 1.000683069229126, 0.9380433559417725]",900,1500,0.2593654820889994,0.13932476532028382,0.2600126420713445,0.27079337609772525,0.29094870571876597,0.7499592139414164
SemgHandSubjectCh2,9.528141975402832,39578,45000,12.048888888888886,"[4500, 4492, 4467, 4208, 4112, 3972, 3744, 3549, 3489, 3045]","[1.025696039199829, 1.0238618850708008, 1.0193309783935547, 1.0070230960845947, 0.9638307094573975, 0.9358987808227539, 0.9179878234863281, 0.9114727973937988, 0.8891127109527588, 0.8185269832611084]",900,1500,0.15651930796201374,0.08640658317852186,0.15549545106886056,0.16777793845118646,0.2869175169683174,0.6856111729081695
ShapeletSim,0.2615170478820801,4000,4000,0.0,"[400, 400, 400, 400, 400, 400, 400, 400, 400, 400]","[0.03932690620422363, 0.03210711479187012, 0.023340225219726562, 0.025188207626342773, 0.02346181869506836, 0.02297186851501465, 0.023016929626464844, 0.02319931983947754, 0.023710012435913086, 0.023666858673095703]",200,500,-0.0038886523716152054,-0.0038300703911646047,9.259151035209984e-05,0.00011099463162471168,0.5484553469749984,0.4975376884422111
ShapesAll,12.24404788017273,223530,720000,68.95416666666667,"[72000, 27074, 23734, 21288, 18019, 15788, 12635, 12225, 10740, 10027]","[1.9333410263061523, 1.2520508766174316, 1.250427007675171, 1.1670010089874268, 1.1535072326660156, 1.094355821609497, 1.0860841274261475, 1.0638010501861572, 1.007023811340332, 1.0012259483337402]",1200,512,0.5480075144855227,0.2302993053085508,0.6248272551831279,0.7177331413982513,0.2848046408499282,0.9534042257436753
SmallKitchenAppliances,1.3695268630981445,22368,22500,0.5866666666666687,"[2250, 2239, 2226, 2238, 2237, 2242, 2240, 2234, 2226, 2236]","[0.16140317916870117, 0.12940406799316406, 0.15253686904907227, 0.13646793365478516, 0.13652920722961426, 0.12017607688903809, 0.12680315971374512, 0.12712407112121582, 0.12764286994934082, 0.14866089820861816]",750,720,0.030291530077167693,0.029942329721410196,0.03222542178774383,0.033164595684529646,0.3626256306250154,0.5625100133511348
SmoothSubspace,0.13454818725585938,582,9000,93.53333333333333,"[50, 64, 60, 58, 61, 48, 66, 51, 62, 62]","[0.01459503173828125, 0.013455867767333984, 0.012953042984008789, 0.012896060943603516, 0.012838125228881836, 0.014669179916381836, 0.012664794921875, 0.013445138931274414, 0.012832164764404297, 0.012497901916503906]",300,15,0.4024556274039083,0.37717773814999994,0.4031239855282805,0.40920774027769985,0.5869474077903551,0.7217391304347827
SonyAIBORobotSurface1,0.280958890914917,12309,12420,0.8937198067632823,"[1242, 1216, 1240, 1238, 1237, 1235, 1217, 1241, 1215, 1228]","[0.027710914611816406, 0.02140498161315918, 0.02090001106262207, 0.03575301170349121, 0.0276029109954834, 0.054376840591430664, 0.027434349060058594, 0.022739887237548828, 0.019778966903686523, 0.021643877029418945]",621,70,0.2825378120899599,0.37134858308078394,0.283464348880454,0.28330062154439956,0.6898835920853381,0.6857306113968106
SonyAIBORobotSurface2,0.29750776290893555,16449,19600,16.0765306122449,"[1960, 1434, 1660, 1939, 1944, 1473, 1583, 1510, 1498, 1448]","[0.02941107749938965, 0.027965068817138672, 0.028960704803466797, 0.031230926513671875, 0.02871084213256836, 0.02980804443359375, 0.030599117279052734, 0.02912616729736328, 0.030189037322998047, 0.029699087142944336]",980,65,0.2055468669742811,0.28625274781458004,0.20803840979844299,0.20429780830702798,0.6577992853805859,0.6436784724104146
StarlightCurves,19.27967071533203,130659,277080,52.844304893893465,"[27708, 18111, 11161, 10848, 10367, 11129, 10370, 10211, 10426, 10328]","[2.862051010131836, 2.310854911804199, 1.8241052627563477, 1.8067290782928467, 1.80295991897583, 1.7788050174713135, 1.7158331871032715, 1.7089159488677979, 1.7199130058288574, 1.7417948246002197]",9236,1024,0.6035856843342461,0.5308435861077053,0.6367570395741092,0.5738537177448255,0.7183300881052607,0.7742927969764977
Strawberry,0.40667176246643066,10827,19660,44.92878942014242,"[1966, 985, 985, 983, 983, 985, 983, 987, 983, 987]","[0.04678034782409668, 0.03949379920959473, 0.03951525688171387, 0.038001060485839844, 0.03679990768432617, 0.04151105880737305, 0.0430450439453125, 0.04155230522155762, 0.03896760940551758, 0.03930401802062988]",983,235,-4.887073572758827e-17,0.0,8.517718655650585e-16,1.0,0.7351124411316898,0.5403903011065921
SwedishLeaf,1.3353559970855713,81363,168750,51.784888888888894,"[16875, 7552, 8370, 7506, 7650, 6921, 7192, 6479, 6664, 6154]","[0.15523505210876465, 0.17183518409729004, 0.14153385162353516, 0.12266302108764648, 0.11802291870117188, 0.1290721893310547, 0.12813091278076172, 0.1269819736480713, 0.12022900581359863, 0.11807990074157715]",1125,128,0.4872871747219235,0.18761753471098788,0.40915676231274334,0.653121373838214,0.3386165112012473,0.7650438908659549
Symbols,1.089689016342163,22588,61200,63.091503267973856,"[6120, 3047, 2111, 1723, 1752, 1524, 1650, 1569, 1555, 1537]","[0.15415692329406738, 0.14435291290283203, 0.10320210456848145, 0.0904538631439209, 0.1003420352935791, 0.10565400123596191, 0.09044909477233887, 0.09966182708740234, 0.10018682479858398, 0.09790587425231934]",1020,398,0.8046631726719786,0.6733371397007915,0.7817927188360001,0.8318729529159424,0.7377974411745705,0.9006888722122804
SyntheticControl,0.42842912673950195,27191,36000,24.469444444444445,"[3600, 2387, 2469, 3041, 3043, 3008, 2577, 2529, 2408, 2129]","[0.04346108436584473, 0.039427995681762695, 0.07161688804626465, 0.03932785987854004, 0.041168928146362305, 0.04297280311584473, 0.035917043685913086, 0.0368351936340332, 0.038979291915893555, 0.03684210777282715]",600,60,0.7256280376075437,0.558770026730543,0.6943603104155767,0.7673865579791067,0.6501828662406488,0.8608736783528103
ToeSegmentation1,0.16481804847717285,5061,5360,5.578358208955225,"[536, 528, 504, 523, 532, 508, 526, 488, 439, 477]","[0.016984939575195312, 0.017704010009765625, 0.016440153121948242, 0.016480207443237305, 0.01566910743713379, 0.016302108764648438, 0.017564773559570312, 0.01522374153137207, 0.015860795974731445, 0.01509714126586914]",268,277,0.006447103586197127,0.008825906281836958,0.009144893103601628,0.009132029924503439,0.5030691022024505,0.5044161216389961
ToeSegmentation2,0.14500689506530762,3019,3320,9.066265060240964,"[332, 326, 322, 298, 317, 300, 281, 281, 296, 266]","[0.016276836395263672, 0.014166116714477539, 0.01499485969543457, 0.015472888946533203, 0.014188051223754883, 0.012864112854003906, 0.013281822204589844, 0.015034914016723633, 0.014268875122070312, 0.013046026229858398]",166,343,-0.0024386442572609823,-0.0045807310701806315,0.0026980213662826714,0.0022053282554473797,0.553548150291627,0.49726177437020813
Trace,0.18131494522094727,3270,8000,59.12500000000001,"[800, 401, 264, 258, 286, 271, 278, 239, 240, 233]","[0.024680137634277344, 0.018790006637573242, 0.017479896545410156, 0.018456220626831055, 0.017248153686523438, 0.017361879348754883, 0.01635599136352539, 0.016519784927368164, 0.016295909881591797, 0.01622605323791504]",200,275,0.5257378778534181,0.40015225373531377,0.5004904011013173,0.5728994405549132,0.5788091253279433,0.7488944723618091
TwoLeadECG,0.3858649730682373,22216,23240,4.406196213425129,"[2324, 2312, 2299, 2246, 2069, 2115, 2074, 2204, 2295, 2278]","[0.0359039306640625, 0.04287910461425781, 0.058125972747802734, 0.036002159118652344, 0.035752058029174805, 0.034850120544433594, 0.03405308723449707, 0.037232160568237305, 0.03432178497314453, 0.03505992889404297]",1162,82,0.0013045295833972103,0.0018068450633116331,0.0019250672462404624,0.0019257627796817579,0.5005985658597916,0.500903577395592
TwoPatterns,2.0596909523010254,198382,200000,0.8090000000000042,"[20000, 19960, 19905, 19819, 19966, 19884, 19924, 19874, 19972, 19078]","[0.23083996772766113, 0.1974620819091797, 0.21784496307373047, 0.19821691513061523, 0.1942131519317627, 0.18950915336608887, 0.20007610321044922, 0.21430301666259766, 0.21676182746887207, 0.19689607620239258]",5000,128,0.051406135893464815,0.04317334759376827,0.0516856597240518,0.05237242973701356,0.28671512711954406,0.6368249649929986
UMD,0.11497187614440918,2819,5400,47.79629629629629,"[540, 421, 196, 210, 245, 231, 241, 253, 250, 232]","[0.013712882995605469, 0.011944055557250977, 0.010090112686157227, 0.010714054107666016, 0.010507822036743164, 0.010623931884765625, 0.010722160339355469, 0.012642145156860352, 0.011752843856811523, 0.010584831237792969]",180,150,0.24726074927213304,0.1895317919664706,0.254958575127142,0.25502342366584657,0.45674481723442417,0.6417752948479205
UWaveGestureLibraryAll,25.892571926116943,280666,358240,21.654198302813754,"[35824, 31085, 29371, 30835, 29621, 26892, 26498, 26545, 22477, 21518]","[3.005103826522827, 2.8854849338531494, 2.6726813316345215, 2.7151780128479004, 2.6969211101531982, 2.4939069747924805, 2.4480559825897217, 2.465933084487915, 2.278498888015747, 2.2134439945220947]",4478,945,0.5941064656615692,0.4810131082129566,0.5789921958520394,0.612359172047624,0.55685665552296,0.874060991402337
UWaveGestureLibraryX,5.923135995864868,149431,358240,58.28746092005359,"[35824, 17498, 16557, 14914, 14605, 10775, 11023, 9968, 9277, 8990]","[0.8553609848022461, 0.5975809097290039, 0.5911149978637695, 0.5844748020172119, 0.5796332359313965, 0.5378320217132568, 0.550278902053833, 0.5434110164642334, 0.5371170043945312, 0.5412509441375732]",4478,315,0.4334292206496502,0.34558672845468363,0.4325110793371251,0.43738242749944656,0.42908678469434186,0.8543864162849911
UWaveGestureLibraryY,5.841938018798828,121069,358240,66.20449977668602,"[35824, 13815, 11683, 9194, 9682, 8958, 9251, 8011, 7493, 7158]","[0.7254059314727783, 0.5727298259735107, 0.5646147727966309, 0.5893080234527588, 0.6430377960205078, 0.5289490222930908, 0.5810880661010742, 0.5459468364715576, 0.5615460872650146, 0.5233681201934814]",4478,315,0.40928707974007145,0.3142643571663295,0.4078456113010371,0.41391493263203133,0.4026002640562527,0.846218022879682
UWaveGestureLibraryZ,5.829581022262573,148236,358240,58.62103617686467,"[35824, 17433, 13548, 16180, 14143, 12142, 12467, 9947, 8563, 7989]","[0.716731071472168, 0.5996019840240479, 0.5672600269317627, 0.6156039237976074, 0.5684330463409424, 0.5493419170379639, 0.572504997253418, 0.5382852554321289, 0.5506689548492432, 0.5457220077514648]",4478,315,0.4048284172075207,0.29080768030131693,0.4025894353153422,0.41031288450368164,0.3829857533194768,0.8397865603192657
Wine,0.12920498847961426,1221,2220,44.99999999999999,"[222, 111, 111, 111, 111, 111, 111, 111, 111, 111]","[0.044071197509765625, 0.016468048095703125, 0.010191917419433594, 0.00819087028503418, 0.008073091506958008, 0.008961677551269531, 0.008152961730957031, 0.008600234985351562, 0.007408857345581055, 0.007666826248168945]",111,234,-1.2473963163256003e-15,0.0,0.0,1.0,0.7041470697397638,0.4958230958230958
WordSynonyms,2.50248122215271,112151,226250,50.430497237569064,"[22625, 12579, 12048, 12373, 9659, 9662, 9697, 8798, 7465, 7245]","[0.33124589920043945, 0.24784016609191895, 0.2384498119354248, 0.2795138359069824, 0.24891090393066406, 0.22171282768249512, 0.22891497611999512, 0.22939395904541016, 0.22829699516296387, 0.23373699188232422]",905,270,0.39255330566052876,0.2512886696415203,0.47143496552460595,0.44406224156668206,0.31099082348436974,0.8996039700777392
Worms,1.0824120044708252,10011,12900,22.395348837209305,"[1290, 1128, 979, 1077, 1045, 1042, 897, 813, 923, 817]","[0.14502191543579102, 0.13190484046936035, 0.1163172721862793, 0.10426521301269531, 0.10241103172302246, 0.10733890533447266, 0.10704517364501953, 0.08043599128723145, 0.09288787841796875, 0.08903193473815918]",258,900,0.028817904819946002,0.039563568356422225,0.05076062088495637,0.04914571984631062,0.27903345692068177,0.6398515971405303
WormsTwoClass,0.6334459781646729,4775,5160,7.461240310077521,"[516, 485, 488, 488, 471, 449, 461, 439, 492, 486]","[0.07258296012878418, 0.05957794189453125, 0.06752490997314453, 0.06371593475341797, 0.05510568618774414, 0.06100893020629883, 0.057126760482788086, 0.05495405197143555, 0.06887292861938477, 0.07075309753417969]",258,900,-0.0007382856332418668,-0.008336133848843448,0.0022141160930926884,0.0028046289243459028,0.5703792461988871,0.4988085542786475
Yoga,3.18776798248291,48973,66000,25.798484848484847,"[6600, 4799, 4658, 5798, 5669, 4547, 5308, 3794, 4096, 3704]","[0.32877016067504883, 0.3247337341308594, 0.3073430061340332, 0.31657862663269043, 0.33631205558776855, 0.3227231502532959, 0.3103978633880615, 0.31767773628234863, 0.3161811828613281, 0.3040750026702881]",3300,426,0.000939658039296926,-0.0018141948806169345,0.001043777829647453,0.0013831059703207744,0.5758996247071816,0.49990153122617503
